datasource	term	adj_p_value	odds_ratio	genes
BioCarta_2016	Agrin in Postsynaptic Differentiation Homo sapiens h agrPathway	0.0223271107077279	5.438107538576575	MAPK8;LAMA2;DMD;NRG1;LAMC1;UTRN;PTK2;ARHGEF6
GO_Biological_Process_2018	protein phosphorylation (GO:0006468)	1.7687057971336025e-4	2.65107742505608	DDR1;SMG1;FLT1;TXK;PIK3CG;TTBK1;MAPK9;MAPK8;RELN;WNT11;RPS6KA2;PHKG2;MARK4;MAPK6;MAP3K7;ROS1;NTRK2;EPHA8;OSR1;PRKCD;LIMK1;PRPF4B;EIF2AK4;PTK2;CREB1;TAOK3;CDK5;STK17B;WNK3;BMP2K;SIK3;BTK;PKN2;BIRC6;ATM;BMPR1B;CDK14;TLR4;EPHA3
GO_Biological_Process_2018	cellular protein modification process (GO:0006464)	1.1797641471300417e-4	2.0426857487560364	CCNF;CHM;KEAP1;LAMC1;PIK3CG;CDH2;RPS6KA2;ROS1;FBXO7;DSP;PRKCD;PRPF4B;KLHL41;F5;CTTNBP2NL;PPM1A;PTP4A2;VCAN;CREB1;BMP2K;SIK3;MXRA8;BTK;BIRC6;OBSL1;FLG;PHLPP1;TXK;DCUN1D3;FBXO44;EVPL;TTBK1;SOCS2;MAPK9;MAPK8;WNT11;PTPRZ1;PHKG2;PSMF1;DCAF10;MARK4;MAPK6;UBE2F;FEM1A;LIMK1;FN1;ABCA7;WWP2;EIF2AK4;FBXO30;FBXO31;PTPRD;COL3A1;PTPRC;TAOK3;CDK5;STK17B;ASB8;WNK3;UBA3;PKN2;ATM;BMPR1B;CDK14
GO_Biological_Process_2018	positive regulation of intracellular signal transduction (GO:1902533)	9.785969702790391e-5	2.601265949428722	EPHB6;DDR1;FLT1;HIP1;PTPRJ;NOD2;DDX60;PIK3CG;AKAP13;RELN;CALCR;WNT11;TRIM5;UBC;RPS3;FLNA;FADD;MAP3K7;ROS1;LURAP1;EPHA5;NTRK2;EPHA6;EPHA8;CAV2;HGF;NRG1;CFLAR;ADRA2C;PTK2;PPM1A;GOLPH3;C18ORF32;CNTN1;TERF2IP;HPSE;TLR6;EPHA3;EPHA2
GO_Biological_Process_2018	regulation of apoptotic process (GO:0042981)	9.642342688315543e-5	2.1560595072423996	EPHB6;DDR1;RBM25;FLT1;HIP1;ZFAND6;CHM;PREX1;AKAP13;RPS6KA2;ROS1;UNC13B;EPHA5;AREL1;EPHA6;EPHA8;HGF;OSR1;SFRP4;SFRP2;PHIP;ITGA6;BIRC6;EPHA3;EPHA2;ARHGEF6;PHLPP1;HDAC1;DCUN1D3;KALRN;FGD1;SOCS2;MAPK9;MAPK8;WNT11;TP53INP1;UBC;RPS3;BNIP1;FLNA;FADD;NTRK2;GADD45A;CFLAR;BMP7;PTK2;GOLPH3;TAOK3;CDK5;WNK3;NF1;CTNNB1;MNDA;ATM;NAA16
GO_Biological_Process_2018	negative regulation of signal transduction (GO:0009968)	3.0941665081308807e-4	3.048126531119114	EPHB6;DDR1;FLT1;PDCD6;PTPRJ;LILRA2;SOCS2;DLL4;HEY1;UBC;ROS1;EPHA5;NTRK2;EPHA6;EPHA8;PRKCD;WWP2;NRG1;EPN2;ASXL1;SFRP4;SFRP2;PTPRC;CNOT1;DDIT4;EPHA3;EPHA2
GO_Biological_Process_2018	negative regulation of response to stimulus (GO:0048585)	3.9599537298056696e-4	4.276621971774295	EPHB6;EPHA5;DDR1;NTRK2;EPHA6;FLT1;EPHA8;VPS13C;SPINK5;CASK;NOD2;COL3A1;NCOR1;DDAH1;ROS1;EPHA3;EPHA2
GO_Biological_Process_2018	positive regulation of kinase activity (GO:0033674)	0.0017770066602816378	4.241002007407617	EPHB6;EPHA5;DDR1;NTRK2;EPHA6;FLT1;EPHA8;PTK2;CENPE;RAD50;PTPRC;RELN;ROS1;EPHA3;EPHA2
GO_Biological_Process_2018	transmembrane receptor protein tyrosine kinase signaling pathway (GO:0007169)	0.0019330715384309873	2.501048826927421	BLK;EPHB6;DDR1;FLT1;TXK;PTPRJ;KALRN;SOCS2;BAIAP2L1;POLR2A;UBC;ATP6V0E2;WASF2;ATP6V1F;EPHA5;NTRK2;EPHA6;EPHA8;CAV2;HGF;NRG1;VEGFD;SIRT2;PTK2;DDIT4;BTK;ELMO2;PHIP;ATP6V0D2;EPHA3;EPHA2
GO_Biological_Process_2018	extracellular matrix organization (GO:0030198)	0.0019008714861663298	3.069324888039399	DDR1;ITGB5;ITGA4;LAMA2;COL14A1;NCAN;COL11A1;SPINK5;FN1;LAMC1;NID1;HAPLN1;ACAN;COL3A1;VCAN;COL5A2;COL8A2;NF1;TNR;ITGB8;ITGA6;ITGA9
GO_Biological_Process_2018	negative regulation of neurogenesis (GO:0050768)	0.003122092679688406	7.745183464033304	COL3A1;NOTCH1;TNN;ID1;NF1;EIF2AK4;DLL1;BMP7
GO_Biological_Process_2018	regulation of transcription from RNA polymerase II promoter (GO:0006357)	0.003130241931112696	1.6644545992987674	HNRNPU;TCF21;AHR;ELK1;CD3D;CHD1;ARHGAP35;FOXQ1;NIPBL;EDNRB;HEY1;SALL2;ZMYM4;HOXA1;BRD2;NCOA2;EDN1;ACTL6B;HGF;OSR1;TCF12;ATRX;MITF;ARID1A;SIRT2;HCFC1;RUNX1;MED23;PPM1A;SFRP4;NCOR1;SFRP2;NR5A2;CREB1;IFI27;ZNF639;TET3;PHIP;ITGA6;TLR4;NOTCH1;SRCAP;TSHZ3;HDAC1;SATB1;PLA2G1B;TXK;TAF1L;NOD2;HDAC9;DLL1;NPAS3;LRP6;DLL4;IFI16;TPR;UBC;NRIP1;ZNF821;FADD;TP53BP1;WNT2;TCF7L1;FOXJ3;WWP2;BMP7;MEIS2;ASXL1;KLF5;CNOT1;SP4;ZNF219;CTNNB1;BMPR1B;PFKM;BRWD3;NFE2L2
GO_Biological_Process_2018	regulation of Notch signaling pathway (GO:0008593)	0.004449865244857173	5.020538566864445	DLL4;JAG2;NOTCH1;HEY1;UBC;BMP2K;WWP2;NOD2;DLL1;EPN2;LLGL2
GO_Biological_Process_2018	positive regulation of gene expression (GO:0010628)	0.004260747884198526	1.947597203747674	NOTCH1;HDAC1;TAF1L;AHR;MLLT3;ELK1;TTBK1;NPAS3;LRP6;DLL4;RIMS1;MAPK9;MAPK8;CALCR;WNT11;POLR2A;TAF1B;UBR5;TP53INP1;NRIP1;RPS3;ITGB8;HIVEP3;PCBD2;TP53BP1;SF3B1;NTRK2;OSR1;AVPR2;FN1;MSN;MITF;ARID1A;BMP7;HCFC1;RUNX1;PPM1A;SFRP4;NR5A2;CREB1;CTNNB1;PHIP;NAA16;TLR6;EIF3C;TLR4;NFE2L2
GO_Biological_Process_2018	phosphorylation (GO:0016310)	0.005019914647753435	2.4003045903756064	TXK;PIK3CG;TTBK1;MAPK9;MAPK8;WNT11;RPS6KA2;PHKG2;MARK4;MAPK6;ROS1;NADK;PRKCD;LIMK1;PRPF4B;EIF2AK4;CREB1;TAOK3;CDK5;STK17B;WNK3;BMP2K;SIK3;BTK;PKN2;BIRC6;ATM;BMPR1B;CDK14
GO_Biological_Process_2018	positive regulation of transcription from RNA polymerase II promoter (GO:0045944)	0.004729081703999278	1.8837784073783832	HNRNPU;TCF21;AHR;ELK1;CD3D;NIPBL;HEY1;SALL2;HOXA1;NCOA2;EDN1;HGF;OSR1;TCF12;ATRX;MITF;SIRT2;RUNX1;SFRP2;NR5A2;CREB1;ZNF639;TET3;PHIP;ITGA6;TLR4;NOTCH1;HDAC1;PLA2G1B;TXK;TAF1L;NOD2;DLL1;NPAS3;LRP6;IFI16;UBC;NRIP1;ZNF821;FADD;TP53BP1;WNT2;FOXJ3;MEIS2;ASXL1;KLF5;CTNNB1;BMPR1B;PFKM;NFE2L2
GO_Biological_Process_2018	positive regulation of apoptotic process (GO:0043065)	0.004446993893831537	2.601700471428125	DCUN1D3;PDCD6;KALRN;FGD1;PREX1;AKAP13;MAPK9;MAPK8;RPS6KA2;UBC;RPS3;FADD;UNC13B;GADD45A;SIRT2;SFRP4;SFRP2;CDK5;STK17B;NF1;CTNNB1;ATM;ITGA6;MNDA;ARHGEF6
GO_Biological_Process_2018	generation of neurons (GO:0048699)	0.004189402852406529	3.6864094372081593	NTRK2;TCF7L1;DOCK7;WNT9A;DLL1;RUNX1;PTPRD;RELN;WNT11;CDK5;DDIT4;ID1;CTNNB1;NRCAM;WNT2
GO_Biological_Process_2018	T cell differentiation (GO:0030217)	0.005321634598914483	6.726080376660501	BLK;DLL4;JAG2;ADAM17;PTPRC;TXK;FADD;CD3D
GO_Biological_Process_2018	positive regulation of signal transduction (GO:0009967)	0.00734561882524227	2.946741524240826	UNC13B;JAG2;NLGN3;NOTCH1;FLT1;NOD2;DLL1;EPN2;DLL4;ASXL1;RIMS1;PPM1A;RELN;PTPRC;RPS3;CNTN1;BMP2K;FLNA;PHIP
GO_Biological_Process_2018	negative regulation of apoptotic process (GO:0043066)	0.007012468173192195	2.1738414413227494	EPHB6;DDR1;NOTCH1;FLT1;HDAC1;ZFAND6;DLL1;SOCS2;MAPK8;WNT11;UBC;BNIP1;FLNA;ROS1;CDKN2D;EPHA5;NTRK2;AREL1;EPHA6;EPHA8;OSR1;HGF;PRKCD;CFLAR;PTK2;GOLPH3;WNK3;CTNNB1;PHIP;BIRC6;NAA16;EPHA3;EPHA2
GO_Biological_Process_2018	regulation of intracellular signal transduction (GO:1902531)	0.006846319229559525	2.2712475205547897	PHLPP1;HDAC1;ZFAND6;ARHGAP19;TAF1L;NOD2;KALRN;FGD1;ARHGAP35;PREX1;AKAP13;ARHGAP21;EXO1;TP53INP1;UBC;PIP4K2A;SRGAP3;ROS1;STARD13;RMI2;RMI1;RHOF;BMP7;ARHGAP32;RAD50;ARHGAP31;CDK5;DDIT4;ATM;ARHGEF6
GO_Biological_Process_2018	pericardium morphogenesis (GO:0003344)	0.007157922693867505	18.256503879507072	DLL4;NOTCH1;BMP7;LRP6
GO_Biological_Process_2018	neuron differentiation (GO:0030182)	0.006903692609780609	3.4477210563817313	EPHA5;NTRK2;SPINK5;WNT9A;RUNX1;LRP6;PTPRD;MAPK9;MAPK8;WNT11;CDK5;DDIT4;ID1;CTNNB1;WNT2
GO_Biological_Process_2018	positive regulation of transcription, DNA-templated (GO:0045893)	0.007276880357089362	1.711547238703788	HNRNPU;TCF21;AHR;ELK1;CD3D;HEY1;SALL2;HOXA1;NCOA2;EDN1;HGF;OSR1;TCF12;ATRX;MITF;ARID1A;ARID1B;SIRT2;HCFC1;RUNX1;PPM1A;SFRP2;NR5A2;CREB1;ZNF639;TET3;PHIP;ITGA6;TLR4;NOTCH1;HDAC1;PLA2G1B;TXK;TAF1L;NOD2;MLLT3;DLL1;NPAS3;LRP6;WNT11;IFI16;TP53INP1;UBC;NRIP1;HIVEP3;ZNF821;PCBD2;FADD;TP53BP1;WNT2;FOXJ3;BMP7;MEIS2;ASXL1;KLF5;CTNNB1;NAA16;BMPR1B;PFKM;NFE2L2
GO_Biological_Process_2018	positive regulation of sequence-specific DNA binding transcription factor activity (GO:0051091)	0.010056104321188	2.823389553458652	EPHA5;EDN1;PLA2G1B;NOD2;CFLAR;LRP6;RELN;TRIM5;UBC;BTK;RPS3;CTNNB1;TAB3;TERF2IP;TP53BP1;TLR6;TLR4;MAP3K7;WNT2
GO_Biological_Process_2018	positive regulation of Notch signaling pathway (GO:0045747)	0.011738942956424293	6.777035531029141	DLL4;JAG2;NOTCH1;BMP2K;NOD2;DLL1;EPN2
GO_Biological_Process_2018	positive regulation of macromolecule metabolic process (GO:0010604)	0.011743847043141985	2.546649997684863	NTRK2;OSR1;AVPR2;FN1;MSN;MITF;TTBK1;HCFC1;DLL4;SFRP4;RIMS1;MAPK9;MAPK8;CALCR;WNT11;UBR5;RPS3;RAB29;ITGB8;TLR6;TLR4;NFE2L2
GO_Biological_Process_2018	positive regulation of programmed cell death (GO:0043068)	0.011589705744554446	2.6106090177894354	UNC13B;GADD45A;DCUN1D3;KALRN;FGD1;PREX1;SFRP4;AKAP13;MAPK9;MAPK8;SFRP2;RPS6KA2;UBC;NF1;CTNNB1;ATM;ITGA6;MNDA;FADD;MARK4;ARHGEF6
GO_Biological_Process_2018	regulation of MAPK cascade (GO:0043408)	0.013009907527829679	2.83290577440627	EPHB6;EPHA5;DDR1;NTRK2;EPHA6;PHLPP1;TSG101;FLT1;EPHA8;CAV2;FN1;ADRA2C;BMP7;TRIM5;NF1;ROS1;EPHA3;EPHA2
GO_Biological_Process_2018	regulation of kinase activity (GO:0043549)	0.012717559073603252	3.795906747224243	EPHB6;EPHA5;DDR1;NTRK2;RAD50;EPHA6;FLT1;EPHA8;HNRNPU;ROS1;EPHA3;EPHA2
GO_Biological_Process_2018	axonogenesis (GO:0007409)	0.013272954273856288	2.7221020358457855	EPHA5;NLGN3;EPHA8;DCC;DOCK7;SEMA4F;SPTB;PTK2;ARHGAP35;MLF2;RELN;CREB1;CDK5;SLITRK2;PTPRA;SLITRK1;SLITRK3;TNR;NRCAM
GO_Biological_Process_2018	negative regulation of programmed cell death (GO:0043069)	0.015157789935616854	2.1925703188623693	EPHB6;DDR1;FLT1;HDAC1;ZFAND6;SOCS2;MAPK8;WNT11;UBC;BNIP1;FLNA;ROS1;EPHA5;NTRK2;AREL1;EPHA6;EPHA8;OSR1;HGF;CFLAR;PTK2;GOLPH3;WNK3;PHIP;BIRC6;NAA16;EPHA3;EPHA2
GO_Biological_Process_2018	pericardium development (GO:0060039)	0.016337840153005573	14.19950301739439	DLL4;NOTCH1;BMP7;LRP6
GO_Biological_Process_2018	nervous system development (GO:0007399)	0.016646262032921574	2.1065196784046623	NLGN3;NCAN;WDR62;KALRN;HAPLN1;ACAN;EDNRB;RELN;DPYSL4;CDH2;PTPRZ1;SLITRK1;BTBD2;RAB29;NDN;NRCAM;MARK4;WNT2;TCF7L1;APLP1;LIMK1;NRG1;SEMA4F;PCDHB11;NFASC;VCAN;TAOK3;CDK5;NF1;CSPG5
GO_Biological_Process_2018	positive regulation of protein phosphorylation (GO:0001934)	0.01635459065243423	2.1712832283879773	EPHB6;DDR1;FLT1;DOCK7;RELN;CALCR;TRIM5;ROS1;EPHA5;NTRK2;EPHA6;EPHA8;CAV2;HGF;ADRA2C;BMP7;PTK2;RAP2C;CENPE;RAD50;ADAM17;PTPRC;SFRP2;AKAP9;WNK3;TERF2IP;EPHA3;EPHA2
GO_Biological_Process_2018	regulation of small GTPase mediated signal transduction (GO:0051056)	0.018408517927456687	3.194888178913738	STARD13;ARHGAP19;RHOF;KALRN;ARHGAP35;FGD1;PREX1;ARHGAP21;ARHGAP32;AKAP13;ARHGAP31;RELN;SRGAP3;ARHGEF6
GO_Biological_Process_2018	negative regulation of cell communication (GO:0010648)	0.021456134656657327	4.096010485786843	DDR1;EPHB6;EPHA5;NTRK2;FLT1;EPHA6;EPHA8;ROS1;EPHA3;EPHA2
GO_Biological_Process_2018	Wnt signaling pathway (GO:0016055)	0.021041467713995222	3.51730808687751	SFRP4;PPM1A;TCF7L1;SFRP2;WNT11;UBC;CTNNB1;STRN;WNT9A;CELSR2;WNT2;LRP6
GO_Biological_Process_2018	heart trabecula morphogenesis (GO:0061384)	0.023616780799562996	8.874689385871495	DLL4;NOTCH1;HEY1;NRG1;BMP7
GO_Biological_Process_2018	regulation of cell division (GO:0051302)	0.023229344415512273	4.423691324649791	AHCTF1;SETD2;SFRP2;CSPP1;TXNIP;BIRC6;FSD1;DLL1;SIRT2
GO_Biological_Process_2018	cardiac muscle cell action potential (GO:0086001)	0.029338971922816596	6.61011347361463	HCN4;SCN10A;CACNA2D1;DMD;SCN5A;SCN1A
GO_Biological_Process_2018	MyD88-dependent toll-like receptor signaling pathway (GO:0002755)	0.028640424972273343	6.61011347361463	UBC;BTK;TAB3;TLR6;MAP3K7;TLR4
GO_Biological_Process_2018	regulation of anatomical structure morphogenesis (GO:0022603)	0.02806829487305518	3.8962050962362658	EGLN1;AKAP13;HEY1;ZMYM4;NF1;CTNNB1;PHIP;DLL1;PDZD8;EPHA2
GO_Biological_Process_2018	peptidyl-lysine modification (GO:0018205)	0.030178595349933557	3.3337963606056396	NUP205;SENP5;NUP188;NUP210;SUMO3;TPR;MITF;TP53BP1;METTL21A;HDAC9;SIRT2;SIRT3
GO_Biological_Process_2018	negative regulation of signaling (GO:0023057)	0.029655088609642152	3.84926286616113	DDR1;EPHB6;EPHA5;NTRK2;FLT1;EPHA6;EPHA8;ROS1;EPHA3;EPHA2
GO_Biological_Process_2018	morphogenesis of an epithelial sheet (GO:0002011)	0.02919680042361138	11.617775196049957	DLL4;NOTCH1;BMP7;LRP6
GO_Biological_Process_2018	regulation of mitotic nuclear division (GO:0007088)	0.031342741763440055	3.80343830823064	EDN1;STAG2;CAV2;TPR;CHMP2B;HNRNPU;PHIP;OBSL1;BMP7;SIRT2
GO_Biological_Process_2018	regulation of cell development (GO:0060284)	0.03296592479347168	7.987220447284344	AKAP13;DOCK7;CTNNB1;HDAC9;DLL1
GO_Biological_Process_2018	regulation of phosphorylation (GO:0042325)	0.03724214900947437	3.2217359787365423	CDKN2D;NUP205;NUP188;NUP210;TPR;CCDC88C;FN1;PHIP;ITGA6;BMP7;PTK2;SIRT2
GO_Biological_Process_2018	protein modification by small protein conjugation (GO:0032446)	0.03672020405024286	2.087112880697417	NUP205;NUP188;UBA6;DCUN1D3;RNF38;CCNF;KEAP1;HERC4;HERC2;SENP5;HECTD2;SUMO3;TPR;UBR5;UBC;TP53BP1;FBXO7;UBE2F;AREL1;NUP210;WWP2;MITF;KLHL41;UBA3;BIRC6;NFE2L2
GO_Biological_Process_2018	regulation of MAP kinase activity (GO:0043405)	0.038493162733188015	3.672285263119239	UCHL1;EDN1;FLT1;TSG101;PRKCD;NF1;PTPRJ;NOD2;BMP7;PIK3CG
GO_Biological_Process_2018	vasoconstriction (GO:0042310)	0.03778494169881921	10.649627263045792	EDN1;EDNRA;EDNRB;ADRA1D
GO_Biological_Process_2018	dermatan sulfate biosynthetic process (GO:0030208)	0.03707201827053961	10.649627263045792	VCAN;NCAN;DSE;CSPG5
GO_Biological_Process_2018	post-translational protein modification (GO:0043687)	0.03751986128220429	2.1478239858243615	UBE2F;FEM1A;DCUN1D3;CCNF;FN1;KEAP1;CHM;LAMC1;FBXO44;KLHL41;FBXO30;F5;FBXO31;SOCS2;PTP4A2;VCAN;CDH2;ASB8;MXRA8;UBA3;PSMF1;DCAF10;FBXO7;OBSL1
GO_Biological_Process_2018	cyclic-nucleotide-mediated signaling (GO:0019935)	0.03852624999668268	5.9904153354632586	EPHA5;PDE3A;ADCY2;DEFB1;AHR;ADCY5
GO_Biological_Process_2018	T cell activation (GO:0042110)	0.038463038805503204	3.630554748765611	BLK;DLL4;JAG2;PTPRC;TXK;RAB29;MSN;EIF2AK4;CD3D;PIK3CG
GO_Biological_Process_2018	lymphocyte differentiation (GO:0030098)	0.03967097509146366	3.938903234277211	BLK;DLL4;JAG2;ADAM17;PTPRC;ITGA4;TXK;CD3D;HDAC9
GO_Biological_Process_2018	protein complex subunit organization (GO:0071822)	0.0403883175917281	4.969826056088037	NUP205;COL3A1;COL14A1;COL11A1;TPR;COL5A2;NF1
GO_Biological_Process_2018	positive regulation of cellular process (GO:0048522)	0.0417969374337561	1.9083147118752577	NOTCH1;FLT1;NUMA1;HDAC1;PLA2G1B;ADRA1D;DLL1;ACACA;LRP6;CALCR;CSPP1;FLNA;WNT2;NTRK2;EDN1;HGF;PRKCD;FN1;MSN;NRG1;RAD23A;VEGFD;SIRT2;PTK2;HCFC1;ADAM17;SFRP2;ZNF639;PHIP;STAMBP;BMPR1B
GO_Biological_Process_2018	dermatan sulfate metabolic process (GO:0030205)	0.046133994757119	9.830425165888425	VCAN;NCAN;DSE;CSPG5
GO_Biological_Process_2018	gland development (GO:0048732)	0.045378236113158665	3.8338658146964852	WNT11;TG;NF1;TCF21;COBL;MSN;NRG1;FADD;ARHGAP35
GO_Biological_Process_2018	negative regulation of transcription, DNA-templated (GO:0045892)	0.048085946640709525	1.6897932557600335	NOTCH1;TSHZ3;HDAC1;SATB1;HNRNPU;TCF21;AHR;HDAC9;ARHGAP35;DLL4;NIPBL;EDNRB;WNT11;HEY1;SALL2;IFI16;TPR;UBC;NRIP1;FLNA;RUNX1T1;EDN1;SFMBT1;OSR1;WWP2;MITF;NRG1;BMP7;MEIS2;SIRT2;HCFC1;PPM1A;CENPF;NCOR1;SFRP2;CREB1;CDK5;IFI27;CNOT1;ZNF639;ZNF219;ID1;CTNNB1
KEGG_2019_Human	Focal adhesion	1.127318803983281e-6	4.013678616725801	TNXB;FLT1;ITGB5;LAMA2;LAMC1;ELK1;ARHGAP35;MAPK9;MAPK8;RELN;TNN;FLNA;TNR;ITGB8;ITGA4;CAV2;HGF;FN1;VEGFD;PTK2;MYL5;CTNNB1;COL6A6;ITGA6;ITGA9
KEGG_2019_Human	Human papillomavirus infection	2.5490126133761055e-6	3.0980733856133216	TNXB;NOTCH1;ITGB5;LAMA2;HDAC1;LAMC1;RELN;WNT11;HEY1;TNN;TNR;ITGB8;FADD;ATP6V0E2;WNT2;ATP6V1F;MAGI1;TCF7L1;ITGA4;MX1;FN1;WNT9A;PTK2;CREB1;TBPL2;CTNNB1;ATM;COL6A6;ITGA6;ATP6V0D2;LLGL2;ITGA9
KEGG_2019_Human	Arrhythmogenic right ventricular cardiomyopathy (ARVC)	4.3089520520469695e-6	6.212282570110046	DSP;TCF7L1;ITGB5;ITGA4;LAMA2;CACNA2D1;CACNA2D4;CDH2;ITGB8;CTNNB1;ITGA6;DMD;CACNA1S;ITGA9
KEGG_2019_Human	Pathways in cancer	2.249144736905259e-5	2.41123636144433	NOTCH1;LAMA2;HDAC1;KEAP1;ADCY2;LAMC1;ELK1;DLL1;ADCY5;LRP6;RASGRP3;DLL4;MAPK9;EDNRA;MAPK8;EDNRB;FRAT2;WNT11;HEY1;TPR;FADD;WNT2;RUNX1T1;JAG2;EGLN1;EDN1;TCF7L1;GADD45A;DCC;HGF;FN1;MITF;VEGFD;WNT9A;PTK2;RUNX1;AR;CTNNB1;ITGA6;NFE2L2
KEGG_2019_Human	Axon guidance	6.625946601479345e-5	3.5302631811201524	EPHB6;EPHA5;SEMA6C;EPHA6;EPHA8;TRPC4;DCC;LIMK1;SEMA4F;UNC5D;BMP7;PTK2;MYL5;CDK5;ABLIM3;PLXNA1;SRGAP3;BMPR1B;EPHA3;EPHA2
KEGG_2019_Human	ECM-receptor interaction	7.70503960309587e-5	5.0650666251071454	TNXB;ITGB5;ITGA4;LAMA2;FN1;LAMC1;RELN;TNN;TNR;ITGB8;ITGA6;COL6A6;ITGA9
KEGG_2019_Human	Dilated cardiomyopathy (DCM)	0.0011563926710565634	4.2130393568093245	ITGB5;ITGA4;LAMA2;CACNA2D1;ITGB8;ITGA6;ADCY2;DMD;CACNA2D4;CACNA1S;ITGA9;ADCY5
KEGG_2019_Human	PI3K-Akt signaling pathway	0.002139055145466362	2.34652804101009	PHLPP1;TNXB;FLT1;ITGB5;LAMA2;LAMC1;PIK3CG;RELN;TNN;TNR;ITGB8;MAGI1;NTRK2;ITGA4;HGF;FN1;VEGFD;PTK2;CREB1;DDIT4;PKN2;COL6A6;ITGA6;TLR4;EPHA2;ITGA9
KEGG_2019_Human	Hypertrophic cardiomyopathy (HCM)	0.00231125425327124	4.134561172711896	EDN1;ITGB5;ITGA4;LAMA2;CACNA2D1;ITGB8;ITGA6;DMD;CACNA2D4;CACNA1S;ITGA9
KEGG_2019_Human	Melanogenesis	0.002302767898101	3.795906747224243	EDN1;TCF7L1;EDNRB;CREB1;WNT11;TYRP1;CTNNB1;MITF;ADCY2;WNT9A;WNT2;ADCY5
KEGG_2019_Human	Hepatocellular carcinoma	0.007481371935983336	2.85257873117298	TCF7L1;ACTL6B;GADD45A;HGF;KEAP1;WNT9A;ARID1A;ELK1;ARID1B;LRP6;FRAT2;WNT11;CTNNB1;WNT2;NFE2L2
KEGG_2019_Human	Phagosome	0.007906161864574381	2.9426601647889687	DYNC2H1;ITGB5;TAP1;FCGR3A;TUBA3D;LAMP2;TLR6;HLA-DOA;ATP6V0E2;ATP6V0D2;TLR4;ATP6V1F;HLA-DPA1;MBL2
KEGG_2019_Human	Th1 and Th2 cell differentiation	0.01429073523310485	3.472704542297541	DLL4;JAG2;MAPK9;MAPK8;MAF;NOTCH1;HLA-DOA;CD3D;DLL1;HLA-DPA1
KEGG_2019_Human	Cell adhesion molecules (CAMs)	0.014212626932411643	2.8643825052330065	NLGN3;ITGA4;VCAN;NFASC;PTPRC;CDH2;CNTN1;ITGB8;NRCAM;ITGA6;HLA-DOA;HLA-DPA1;ITGA9
KEGG_2019_Human	Breast cancer	0.015094798689167485	2.8254113146856183	JAG2;TCF7L1;NOTCH1;GADD45A;WNT9A;DLL1;LRP6;DLL4;FRAT2;WNT11;HEY1;CTNNB1;WNT2
KEGG_2019_Human	Transcriptional misregulation in cancer	0.015093306720900502	2.5765227249304337	FLT1;GADD45A;HDAC1;JMJD1C;MITF;MLLT3;PTK2;RUNX1;MEIS1;MAF;NCOR1;BMP2K;ATM;CDK14;RUNX1T1
KEGG_2019_Human	MAPK signaling pathway	0.01921151808413849	2.1660258840093136	NTRK2;FLT1;GADD45A;CACNA2D1;HGF;VEGFD;CACNA2D4;ELK1;CACNA1H;RASGRP3;PPM1A;MAPK9;MAPK8;TAOK3;RPS6KA2;NF1;FLNA;CACNA1S;MAP3K7;EPHA2
KEGG_2019_Human	NOD-like receptor signaling pathway	0.025181985877968844	2.5128333991456366	PRKCD;NOD2;MAPK9;MAPK8;IFI16;OAS2;OAS3;TXNIP;TAB3;TP53BP1;FADD;SUGT1;MAP3K7;TLR4
KEGG_2019_Human	Leishmaniasis	0.034986700019230356	3.4539331663932304	FCGR3A;MARCKSL1;ITGA4;HLA-DOA;ELK1;MAP3K7;TLR4;HLA-DPA1
KEGG_2019_Human	Toxoplasmosis	0.04465551968892843	2.827334671605078	MAPK9;MAPK8;LAMA2;ITGA6;LAMC1;HLA-DOA;MAP3K7;TLR4;PIK3CG;HLA-DPA1
KEGG_2019_Human	Regulation of actin cytoskeleton	0.045909008725548706	2.2394076020423395	ITGB5;ITGA4;LIMK1;FN1;MSN;PTK2;FGD1;ARHGAP35;MYL5;PIP4K2A;ITGB8;ITGA6;WASF2;ARHGEF6;ITGA9
Panther_2016	Integrin signalling pathway Homo sapiens P00034	4.0845227682958595e-7	4.505611534365528	ITGB5;ITGA4;LAMA2;COL14A1;COL11A1;FN1;LAMC1;PTK2;PIK3CG;RAP2C;MAPK9;MAPK8;COL3A1;COL5A2;COL8A2;ELMO2;ITGB8;FLNA;ITGA6;MAPK6;ITGA9;ARF6
Panther_2016	Wnt signaling pathway Homo sapiens P00057	4.3651152579190665e-4	2.7581768451053854	EDN1;TCF7L1;SRCAP;HDAC1;PCDH20;PRKCD;WNT9A;PCDHB11;ARID1A;CELSR2;LRP6;PYGO1;SFRP4;MYH1;SFRP2;WNT11;CDH2;CDH10;FAT1;MYH13;CTNNB1;MAP3K7;WNT2;CDH18
Panther_2016	Alzheimer disease-presenilin pathway Homo sapiens P00004	0.0400451868125249	3.2271597766805433	ADAM17;TCF7L1;NOTCH1;WNT11;TRPC4;CTNNB1;WNT9A;LRP2;WNT2;LRP6
Panther_2016	Notch signaling pathway Homo sapiens P00045	0.03021386756933985	5.044560282495375	DLL4;JAG2;ADAM17;NEURL4;NOTCH1;HEY1
Panther_2016	Nicotine pharmacodynamics pathway Homo sapiens P06587	0.03580452303341687	5.70515746234596	CHRNB4;CHRNA4;EPB41L1;FLNA;ADCY2
Panther_2016	Alzheimer disease-amyloid secretase pathway Homo sapiens P00003	0.032565439768172715	3.993610223642172	MAPK9;ADAM17;MAPK8;PRKCD;PKN2;CACNA1S;MAPK6
Panther_2016	Huntington disease Homo sapiens P00029	0.02866719987025936	2.834174997423477	DYNC2H1;ARL4C;DNAH3;MAPK9;GRIN2A;HIP1;NCOR1;DNAH7;DNAH5;KALRN;ARF6
Panther_2016	Cadherin signaling pathway Homo sapiens P00012	0.03802781363140371	2.5559105431309903	TCF7L1;WNT11;CDH2;PCDH20;CDH10;FAT1;CTNNB1;WNT9A;PCDHB11;CELSR2;WNT2;CDH18
Reactome_2016	Developmental Biology Homo sapiens R-HSA-1266738	7.378640865066481e-7	2.3981985058003885	EPHB6;CHD9;NCAN;LAMC1;ARHGAP35;DPYSL4;CDH2;RPS6KA2;HOXA1;NRCAM;SCN5A;SCN1A;EPHA5;MED1;NCOA2;EPHA6;TRPC4;EPHA8;DCC;TCF12;NRG1;UNC5D;SPTB;MED23;SCN10A;NCOR1;NR5A2;CREB1;AKAP9;COL6A6;EPHA3;ITGA9;EPHA2;NOTCH1;KMT2C;KALRN;CACNA1H;RASGRP3;GRIN2A;ABLIM3;POLR2A;UBC;PLXNA1;PSMF1;SRGAP3;CACNA1S;LIMK1;FN1;MSN;PTK2;NFASC;MEIS1;PTPRC;KLF5;CDK5;PTPRA;NF1;CNTN1;CTNNB1
Reactome_2016	Extracellular matrix organization Homo sapiens R-HSA-1474244	1.163856729902589e-6	3.499700832025649	DDR1;TNXB;ITGB5;LAMA2;COL14A1;NCAN;COL11A1;LAMC1;NID1;HAPLN1;ADAMTS16;ACAN;TNN;TNR;ITGB8;DMD;ADAMTS8;COL28A1;COL24A1;ITGA4;FN1;CASK;BMP7;COL3A1;ADAM17;VCAN;COL5A2;COL8A2;COL6A6;ITGA6;ITGA9
Reactome_2016	Axon guidance Homo sapiens R-HSA-422475	9.382642698379862e-7	2.7296132014020285	EPHB6;NCAN;LAMC1;KALRN;ARHGAP35;CACNA1H;RASGRP3;GRIN2A;DPYSL4;ABLIM3;RPS6KA2;UBC;PLXNA1;NRCAM;PSMF1;SRGAP3;CACNA1S;SCN5A;SCN1A;EPHA5;EPHA6;TRPC4;EPHA8;DCC;LIMK1;FN1;MSN;NRG1;UNC5D;SPTB;PTK2;SCN10A;NFASC;PTPRC;CREB1;CDK5;PTPRA;AKAP9;NF1;CNTN1;COL6A6;EPHA3;ITGA9;EPHA2
Reactome_2016	Immune System Homo sapiens R-HSA-168256	2.285905858198121e-5	1.796737372756918	ITGB5;NUP188;LTN1;RNF19B;KEAP1;DEFB1;PTPRJ;ELK1;CD3D;IL27RA;HERC4;FCGR3A;HERC2;IL18RAP;TRIM5;RPS6KA2;PIP4K2A;HLA-DOA;MAP3K7;HLA-DPA1;MBL2;DYNC2H1;AREL1;NUP210;ITGA4;HGF;PRKCD;TAP1;NRG1;SPTB;ADAM17;CREB1;IFI27;OAS2;OAS3;AKAP9;BTK;TXNIP;ELMO2;TLR6;MASP1;ATP6V0D2;TLR4;ANAPC2;BLK;NUP205;PHLPP1;UBA6;TXK;ADCY2;NOD2;LILRA2;FBXO44;LILRA4;ADCY5;RASGRP3;DYNC2LI1;SOCS2;MAPK9;GRIN2A;MAPK8;IFI16;HECTD2;NCR3LG1;TPR;UBC;PSMF1;FADD;ATP6V0E2;WASF2;ATP6V1F;UBE2F;LIMK1;MX1;FN1;MRE11A;PTK2;FBXO31;CENPE;PTPRC;PTPRA;ASB8;NF1;UBA3;CTNNB1;TAB3;SUGT1
Reactome_2016	Signaling by NOTCH1 t(7;9)(NOTCH1:M1580 K2555) Translocation Mutant Homo sapiens R-HSA-2660825	1.8034916970868025e-4	22.82062984938384	JAG2;DLL4;ADAM17;NOTCH1;DLL1
Reactome_2016	Constitutive Signaling by NOTCH1 t(7;9)(NOTCH1:M1580 K2555) Translocation Mutant Homo sapiens R-HSA-2660826	1.5029097475723353e-4	22.82062984938384	JAG2;DLL4;ADAM17;NOTCH1;DLL1
Reactome_2016	ECM proteoglycans Homo sapiens R-HSA-3000178	1.934744250910396e-4	6.389776357827476	ACAN;VCAN;TNXB;ITGB5;LAMA2;TNN;NCAN;TNR;LAMC1;HAPLN1;ITGA9
Reactome_2016	Receptor-ligand binding initiates the second proteolytic cleavage of Notch receptor Homo sapiens R-HSA-156988	4.25457461439094e-4	13.692377909630304	JAG2;DLL4;ADAM17;NOTCH1;UBC;DLL1
Reactome_2016	Constitutive Signaling by NOTCH1 HD Domain Mutants Homo sapiens R-HSA-2691232	6.13629516954298e-4	12.779552715654953	JAG2;DLL4;ADAM17;NOTCH1;UBC;DLL1
Reactome_2016	Signaling by NOTCH1 HD Domain Mutants in Cancer Homo sapiens R-HSA-2691230	5.522665652588682e-4	12.779552715654953	JAG2;DLL4;ADAM17;NOTCH1;UBC;DLL1
Reactome_2016	Disease Homo sapiens R-HSA-1643685	6.703169596088029e-4	2.0271014652418202	RPL4;NUP205;NOTCH1;TSG101;THSD7B;NUP188;HDAC1;NCAN;TAF1L;HDAC9;DLL1;FGD1;ACACA;LRP6;ADAMTS16;DLL4;ADAMTS15;ACAN;HEY1;POLR2A;TPR;UBC;RPS3;PSMF1;ADAMTS8;RPS13;JAG2;SFTPB;NUP210;IDH1;AVPR2;NRG1;ADAM17;VCAN;NCOR1;CREB1;RPL27A;CHMP2B;NMT1;BTK;CSPG5;CTNNB1;TCEA1;CHMP4A;TLR6;TLR4
Reactome_2016	Constitutive Signaling by NOTCH1 HD+PEST Domain Mutants Homo sapiens R-HSA-2894862	0.001226602824969307	5.605066980550417	DLL4;JAG2;ADAM17;NCOR1;NOTCH1;HEY1;HDAC1;UBC;DLL1;HDAC9
Reactome_2016	Signaling by NOTCH1 in Cancer Homo sapiens R-HSA-2644603	0.0011322487615101297	5.605066980550417	DLL4;JAG2;ADAM17;NCOR1;NOTCH1;HEY1;HDAC1;UBC;DLL1;HDAC9
Reactome_2016	Signaling by NOTCH1 PEST Domain Mutants in Cancer Homo sapiens R-HSA-2644602	0.0010513738499736919	5.605066980550417	DLL4;JAG2;ADAM17;NCOR1;NOTCH1;HEY1;HDAC1;UBC;DLL1;HDAC9
Reactome_2016	Constitutive Signaling by NOTCH1 PEST Domain Mutants Homo sapiens R-HSA-2644606	9.812822599754457e-4	5.605066980550417	DLL4;JAG2;ADAM17;NCOR1;NOTCH1;HEY1;HDAC1;UBC;DLL1;HDAC9
Reactome_2016	Signaling by NOTCH1 HD+PEST Domain Mutants in Cancer Homo sapiens R-HSA-2894858	9.199521187269803e-4	5.605066980550417	DLL4;JAG2;ADAM17;NCOR1;NOTCH1;HEY1;HDAC1;UBC;DLL1;HDAC9
Reactome_2016	Signaling by NOTCH1 Homo sapiens R-HSA-1980143	0.0012430299128781109	4.881079162229322	DLL4;JAG2;ADAM17;NCOR1;NOTCH1;HEY1;HDAC1;UBC;CNTN1;DLL1;HDAC9
Reactome_2016	MyD88:Mal cascade initiated on plasma membrane Homo sapiens R-HSA-166058	0.002497088479461814	4.167245450757049	MAPK9;MAPK8;CREB1;RPS6KA2;UBC;BTK;TAB3;TLR6;NOD2;ELK1;MAP3K7;TLR4
Reactome_2016	Toll Like Receptor TLR1:TLR2 Cascade Homo sapiens R-HSA-168179	0.0023656627700164557	4.167245450757049	MAPK9;MAPK8;CREB1;RPS6KA2;UBC;BTK;TAB3;TLR6;NOD2;ELK1;MAP3K7;TLR4
Reactome_2016	Toll Like Receptor TLR6:TLR2 Cascade Homo sapiens R-HSA-168188	0.002247379631515633	4.167245450757049	MAPK9;MAPK8;CREB1;RPS6KA2;UBC;BTK;TAB3;TLR6;NOD2;ELK1;MAP3K7;TLR4
Reactome_2016	Toll Like Receptor 2 (TLR2) Cascade Homo sapiens R-HSA-181438	0.0021403615538244125	4.167245450757049	MAPK9;MAPK8;CREB1;RPS6KA2;UBC;BTK;TAB3;TLR6;NOD2;ELK1;MAP3K7;TLR4
Reactome_2016	Activated NOTCH1 Transmits Signal to the Nucleus Homo sapiens R-HSA-2122948	0.002150580113524693	7.454739084132055	DLL4;JAG2;ADAM17;NOTCH1;UBC;CNTN1;DLL1
Reactome_2016	L1CAM interactions Homo sapiens R-HSA-373760	0.0030033789572862977	3.993610223642172	SCN10A;NFASC;NCAN;RPS6KA2;CNTN1;MSN;NRCAM;LAMC1;SCN5A;SPTB;SCN1A;ITGA9
Reactome_2016	Activated TLR4 signalling Homo sapiens R-HSA-166054	0.0030924296888985704	3.7083523505248746	NOD2;ELK1;MAPK9;MAPK8;CREB1;RPS6KA2;UBC;BTK;TAB3;FADD;TLR6;MAP3K7;TLR4
Reactome_2016	MAP kinase activation in TLR cascade Homo sapiens R-HSA-450294	0.005920257460539578	4.792332268370607	MAPK9;MAPK8;CREB1;RPS6KA2;UBC;TAB3;NOD2;ELK1;MAP3K7
Reactome_2016	JNK (c-Jun kinases) phosphorylation and  activation mediated by activated human TAK1 Homo sapiens R-HSA-450321	0.005703732011650264	9.984025559105431	MAPK9;MAPK8;TAB3;NOD2;MAP3K7
Reactome_2016	Toll Like Receptor 4 (TLR4) Cascade Homo sapiens R-HSA-166016	0.006683862204193956	3.4043890431048025	NOD2;ELK1;MAPK9;MAPK8;CREB1;RPS6KA2;UBC;BTK;TAB3;FADD;TLR6;MAP3K7;TLR4
Reactome_2016	Resolution of D-loop Structures through Synthesis-Dependent Strand Annealing (SDSA) Homo sapiens R-HSA-5693554	0.0067618770920350665	7.372818874416319	RMI2;RAD50;EXO1;RMI1;MRE11A;ATM
Reactome_2016	Processing of DNA double-strand break ends Homo sapiens R-HSA-5693607	0.011266848888659458	3.9443063937206637	MDC1;RMI2;RAD50;HERC2;EXO1;RMI1;UBC;MRE11A;ATM;TP53BP1
Reactome_2016	Transcriptional activation of mitochondrial biogenesis Homo sapiens R-HSA-2151201	0.011010490611409744	5.591054313099041	NCOA2;MED1;CREB1;NCOR1;CHD9;SIRT3;HCFC1
Reactome_2016	MyD88-independent TLR3/TLR4 cascade Homo sapiens R-HSA-166166	0.011083859662825131	3.6230690688712492	MAPK9;MAPK8;CREB1;RPS6KA2;UBC;TAB3;FADD;NOD2;ELK1;MAP3K7;TLR4
Reactome_2016	Toll Like Receptor 3 (TLR3) Cascade Homo sapiens R-HSA-168164	0.010737489048361845	3.6230690688712492	MAPK9;MAPK8;CREB1;RPS6KA2;UBC;TAB3;FADD;NOD2;ELK1;MAP3K7;TLR4
Reactome_2016	TRIF-mediated TLR3/TLR4 signaling Homo sapiens R-HSA-937061	0.01041211059235088	3.6230690688712492	MAPK9;MAPK8;CREB1;RPS6KA2;UBC;TAB3;FADD;NOD2;ELK1;MAP3K7;TLR4
Reactome_2016	Interaction between L1 and Ankyrins Homo sapiens R-HSA-445095	0.010607564804545682	6.61011347361463	NFASC;SCN10A;NRCAM;SCN5A;SPTB;SCN1A
Reactome_2016	Dermatan sulfate biosynthesis Homo sapiens R-HSA-2022923	0.01150511359600106	11.617775196049957	VCAN;NCAN;DSE;CSPG5
Reactome_2016	Non-integrin membrane-ECM interactions Homo sapiens R-HSA-3000171	0.012577958169005685	5.324813631522896	DDR1;LAMA2;ITGB5;CASK;DMD;ITGA6;LAMC1
Reactome_2016	SUMOylation Homo sapiens R-HSA-2990846	0.013260894368397929	3.4795811849555562	MDC1;NUP205;HERC2;STAG2;SENP5;NUP188;NUP210;SUMO3;TPR;MITF;TP53BP1
Reactome_2016	NOTCH2 Activation and Transmission of Signal to the Nucleus Homo sapiens R-HSA-2979096	0.01596723866328253	7.60687661646128	JAG2;DLL4;UBC;CNTN1;DLL1
Reactome_2016	TRAF6 Mediated Induction of proinflammatory cytokines Homo sapiens R-HSA-168180	0.01566806543653752	3.993610223642172	MAPK9;MAPK8;CREB1;RPS6KA2;UBC;TAB3;NOD2;ELK1;MAP3K7
Reactome_2016	Resolution of D-loop Structures through Holliday Junction Intermediates Homo sapiens R-HSA-5693568	0.01588273533813858	5.9904153354632586	RMI2;RAD50;EXO1;RMI1;MRE11A;ATM
Reactome_2016	Signaling by NOTCH2 Homo sapiens R-HSA-1980145	0.015495351549403494	5.9904153354632586	DLL4;JAG2;CREB1;UBC;CNTN1;DLL1
Reactome_2016	Recruitment and ATM-mediated phosphorylation of repair and signaling proteins at DNA double strand breaks Homo sapiens R-HSA-5693565	0.015470413177288301	4.406742315743086	MDC1;MAPK8;RAD50;HERC2;UBC;MRE11A;ATM;TP53BP1
Reactome_2016	Signaling by NOTCH Homo sapiens R-HSA-157118	0.015992983168772592	3.142512962865972	JAG2;DLL4;ADAM17;NOTCH1;CREB1;NCOR1;HEY1;HDAC1;UBC;CNTN1;DLL1;HDAC9
Reactome_2016	Toll-Like Receptors Cascades Homo sapiens R-HSA-168898	0.016071001918531093	2.9666818804198996	NOD2;ELK1;MAPK9;MAPK8;CREB1;RPS6KA2;UBC;BTK;TAB3;FADD;TLR6;MAP3K7;TLR4
Reactome_2016	Regulation of TP53 Activity through Phosphorylation Homo sapiens R-HSA-6804756	0.015723211990278242	3.5897619987794807	RMI2;RAD50;CDK5;EXO1;RMI1;TP53INP1;UBC;MRE11A;TAF1L;ATM
Reactome_2016	Signalling by NGF Homo sapiens R-HSA-166520	0.015760698740465425	1.9879304224352146	ADCYAP1R1;PHLPP1;HDAC1;ADCY2;ELK1;KALRN;FGD1;ADCY5;RASGRP3;AKAP13;GRIN2A;MAPK8;RPS6KA2;UBC;PIP4K2A;PSMF1;NTRK2;PRKCD;FN1;NRG1;SPTB;PTK2;ADAM17;CREB1;PTPRA;AKAP9;NF1;ARHGEF6
Reactome_2016	DNA Double Strand Break Response Homo sapiens R-HSA-5693606	0.015561499542657018	4.332051768018627	MDC1;MAPK8;RAD50;HERC2;UBC;MRE11A;ATM;TP53BP1
Reactome_2016	Resolution of D-Loop Structures Homo sapiens R-HSA-5693537	0.01575321572684155	5.808887598024978	RMI2;RAD50;EXO1;RMI1;MRE11A;ATM
Reactome_2016	Sensing of DNA Double Strand Breaks Homo sapiens R-HSA-5693548	0.017757079529149507	15.974440894568689	RAD50;MRE11A;ATM
Reactome_2016	EPHA-mediated growth cone collapse Homo sapiens R-HSA-3928663	0.017883128856109928	5.63803796278895	EPHA5;EPHA6;EPHA8;PTK2;EPHA3;EPHA2
Reactome_2016	DNA Repair Homo sapiens R-HSA-73894	0.020804594330688056	2.242026792220167	FANCI;MDC1;RMI2;RIF1;FANCM;RMI1;USP45;MRE11A;RAD23A;FANCF;MAPK8;RAD50;HERC2;POLR2A;EXO1;SUMO3;UBC;TCEA1;ATM;TP53BP1
Reactome_2016	Late Phase of HIV Life Cycle Homo sapiens R-HSA-162599	0.020410175547410345	2.9952076677316293	NUP205;TSG101;NUP188;NUP210;POLR2A;TPR;UBC;CHMP2B;NMT1;TCEA1;CHMP4A;TAF1L
Reactome_2016	G2/M DNA damage checkpoint Homo sapiens R-HSA-69473	0.020929379937953855	3.6864094372081593	MDC1;RMI2;RAD50;HERC2;EXO1;RMI1;MRE11A;ATM;TP53BP1
Reactome_2016	Collagen biosynthesis and modifying enzymes Homo sapiens R-HSA-1650814	0.021205464482295013	4.057000862112683	COL28A1;COL3A1;COL24A1;COL14A1;COL11A1;COL5A2;COL8A2;COL6A6
Reactome_2016	Mitochondrial biogenesis Homo sapiens R-HSA-1592230	0.021699981013113774	4.564125969876768	NCOA2;MED1;NCOR1;CREB1;CHD9;SIRT3;HCFC1
Reactome_2016	SUMO E3 ligases SUMOylate target proteins Homo sapiens R-HSA-3108232	0.023064061133428838	3.3280085197018106	MDC1;NUP205;HERC2;STAG2;NUP188;NUP210;SUMO3;TPR;MITF;TP53BP1
Reactome_2016	Innate Immune System Homo sapiens R-HSA-168249	0.024845801424830026	1.6627670819625402	PHLPP1;TXK;ADCY2;DEFB1;NOD2;ELK1;ADCY5;RASGRP3;MAPK9;GRIN2A;FCGR3A;MAPK8;IFI16;RPS6KA2;UBC;PIP4K2A;PSMF1;FADD;MAP3K7;WASF2;MBL2;PRKCD;LIMK1;FN1;MRE11A;NRG1;SPTB;PTK2;CREB1;PTPRA;AKAP9;NF1;BTK;UBA3;TXNIP;CTNNB1;ELMO2;TAB3;TLR6;MASP1;SUGT1;TLR4
Reactome_2016	HDR through Single Strand Annealing (SSA) Homo sapiens R-HSA-5685938	0.024613128344047854	5.1808997495898454	RMI2;RAD50;EXO1;RMI1;MRE11A;ATM
Reactome_2016	Defective CHST3 causes SEDCJD Homo sapiens R-HSA-3595172	0.025207848011776824	13.692377909630304	VCAN;NCAN;CSPG5
Reactome_2016	Defective CHSY1 causes TPBS Homo sapiens R-HSA-3595177	0.024787717211580542	13.692377909630304	VCAN;NCAN;CSPG5
Reactome_2016	Defective CHST14 causes EDS, musculocontractural type Homo sapiens R-HSA-3595174	0.02438136119171857	13.692377909630304	VCAN;NCAN;CSPG5
Reactome_2016	Neurofascin interactions Homo sapiens R-HSA-447043	0.023988113430561817	13.692377909630304	NFASC;CNTN1;NRCAM
Reactome_2016	Transmission across Chemical Synapses Homo sapiens R-HSA-112315	0.025028877271421304	2.4226640219251094	UNC13B;GABRQ;CHRNB4;GABRA6;CHRNA4;CACNA2D1;CASK;ADCY2;ADCY5;RIMS1;GRIN2A;CREB1;EPB41L1;RPS6KA2;AKAP9;GRIA4
Reactome_2016	Toll Like Receptor 10 (TLR10) Cascade Homo sapiens R-HSA-168142	0.024942910477570884	3.506584586612639	MAPK9;MAPK8;CREB1;RPS6KA2;UBC;TAB3;NOD2;ELK1;MAP3K7
Reactome_2016	Toll Like Receptor 5 (TLR5) Cascade Homo sapiens R-HSA-168176	0.024559173393300562	3.506584586612639	MAPK9;MAPK8;CREB1;RPS6KA2;UBC;TAB3;NOD2;ELK1;MAP3K7
Reactome_2016	MyD88 cascade initiated on plasma membrane Homo sapiens R-HSA-975871	0.024187064705523283	3.506584586612639	MAPK9;MAPK8;CREB1;RPS6KA2;UBC;TAB3;NOD2;ELK1;MAP3K7
Reactome_2016	Post-translational protein modification Homo sapiens R-HSA-597592	0.024264195348957615	1.839666897647066	MDC1;NUP205;THSD7B;NUP188;COPB1;ADAMTS16;DYNC2LI1;ADAMTS15;HERC2;SENP5;SUMO3;TPR;PPP6R3;GMPPA;TP53BP1;ADAMTS8;DYNC2H1;NUP210;EDEM1;ALG13;MITF;SPTB;F5;NAGK;STAG2;GOLGB1;KDELR2;PIGL;PIGG;SEC22C
Reactome_2016	Nonhomologous End-Joining (NHEJ) Homo sapiens R-HSA-5693571	0.02521382704297711	4.300811010076186	MDC1;RAD50;HERC2;RIF1;MRE11A;ATM;TP53BP1
Reactome_2016	TRAF6 mediated induction of NFkB and MAP kinases upon TLR7/8 or 9 activation Homo sapiens R-HSA-975138	0.02524398776318522	3.464336579545017	MAPK9;MAPK8;CREB1;RPS6KA2;UBC;TAB3;NOD2;ELK1;MAP3K7
Reactome_2016	Presynaptic phase of homologous DNA pairing and strand exchange Homo sapiens R-HSA-5693616	0.027146323988891382	4.915212582944212	RMI2;RAD50;EXO1;RMI1;MRE11A;ATM
Reactome_2016	TRAF6 mediated induction of TAK1 complex Homo sapiens R-HSA-937072	0.02760984620862407	7.987220447284344	UBC;TAB3;MAP3K7;TLR4
Reactome_2016	Signaling by Rho GTPases Homo sapiens R-HSA-194315	0.028453203484452246	2.002245997684359	NCOA2;STARD13;AHCTF1;LIMK1;ARHGAP19;RHOF;KALRN;PTK2;FGD1;ARHGAP35;AR;AKAP13;CENPE;ARHGAP32;CENPF;ARHGAP31;BTK;FLNA;CTNNB1;PKN2;SRGAP3;WASF2;ARHGEF6
Reactome_2016	RORA activates gene expression Homo sapiens R-HSA-1368082	0.028237269467970345	5.916459590580995	NCOA2;MED1;NCOR1;CHD9;NRIP1
Reactome_2016	Collagen formation Homo sapiens R-HSA-1474290	0.027904811616988302	3.3828227776733693	COL28A1;COL3A1;COL24A1;COL14A1;COL11A1;COL5A2;COL8A2;ITGA6;COL6A6
Reactome_2016	MyD88 dependent cascade initiated on endosome Homo sapiens R-HSA-975155	0.027532747462095126	3.3828227776733693	MAPK9;MAPK8;CREB1;RPS6KA2;UBC;TAB3;NOD2;ELK1;MAP3K7
Reactome_2016	Toll Like Receptor 7/8 (TLR7/8) Cascade Homo sapiens R-HSA-168181	0.027170474469172822	3.3828227776733693	MAPK9;MAPK8;CREB1;RPS6KA2;UBC;TAB3;NOD2;ELK1;MAP3K7
Reactome_2016	Assembly of collagen fibrils and other multimeric structures Homo sapiens R-HSA-2022090	0.027932631523937886	4.141521713406697	COL3A1;COL24A1;COL11A1;COL5A2;COL8A2;ITGA6;COL6A6
Reactome_2016	Rho GTPase cycle Homo sapiens R-HSA-194840	0.030838155415287633	2.8806368826271407	ARHGAP32;AKAP13;STARD13;ARHGAP31;ARHGAP19;SRGAP3;RHOF;KALRN;ARHGAP35;FGD1;ARHGEF6
Reactome_2016	HIV Life Cycle Homo sapiens R-HSA-162587	0.03128769416888816	2.7190537692882875	NUP205;TSG101;NUP188;NUP210;POLR2A;TPR;UBC;CHMP2B;NMT1;TCEA1;CHMP4A;TAF1L
Reactome_2016	Neurotransmitter Receptor Binding And Downstream Transmission In The  Postsynaptic Cell Homo sapiens R-HSA-112314	0.032813775657500724	2.699905503307384	GABRQ;CHRNB4;GRIN2A;CREB1;GABRA6;CHRNA4;EPB41L1;RPS6KA2;AKAP9;ADCY2;GRIA4;ADCY5
Reactome_2016	Diseases of glycosylation Homo sapiens R-HSA-3781865	0.03257375619617824	3.2674992738890505	ADAMTS16;ADAMTS15;ACAN;VCAN;NOTCH1;THSD7B;NCAN;CSPG5;ADAMTS8
Reactome_2016	Toll Like Receptor 9 (TLR9) Cascade Homo sapiens R-HSA-168138	0.03217651526695656	3.2674992738890505	MAPK9;MAPK8;CREB1;RPS6KA2;UBC;TAB3;NOD2;ELK1;MAP3K7
Reactome_2016	Homologous DNA Pairing and Strand Exchange Homo sapiens R-HSA-5693579	0.03400755756849142	4.564125969876768	RMI2;RAD50;EXO1;RMI1;MRE11A;ATM
Reactome_2016	BMAL1:CLOCK,NPAS2 activates circadian gene expression Homo sapiens R-HSA-1368108	0.033602705692676045	4.564125969876768	NCOA2;MED1;CREB1;NCOR1;CHD9;NRIP1
Reactome_2016	Adaptive Immune System Homo sapiens R-HSA-1280218	0.03383506445783208	1.6351789892078186	BLK;PHLPP1;ITGB5;UBA6;LTN1;RNF19B;KEAP1;PTPRJ;LILRA2;FBXO44;CD3D;LILRA4;RASGRP3;DYNC2LI1;HERC4;FCGR3A;HERC2;HECTD2;NCR3LG1;UBC;PIP4K2A;PSMF1;HLA-DOA;MAP3K7;HLA-DPA1;DYNC2H1;UBE2F;AREL1;ITGA4;TAP1;NRG1;FBXO31;CENPE;PTPRC;CREB1;ASB8;BTK;UBA3;ANAPC2
Reactome_2016	Apoptosis Homo sapiens R-HSA-109581	0.03368149479357468	2.548070326741018	DSP;DCC;SATB1;PRKCD;CFLAR;PTK2;MAPK8;UBC;NMT1;CTNNB1;PSMF1;FADD;TLR4
Reactome_2016	Cell Cycle Homo sapiens R-HSA-1640170	0.034159138297449404	1.7498504160128245	MDC1;NUP205;AHCTF1;NUMA1;NUP188;HDAC1;SMC4;NIPBL;HERC2;EXO1;TPR;UBC;PSMF1;TP53BP1;CDKN2D;RMI2;SUN1;NUP210;RMI1;MRE11A;DHFR;CENPE;CENPF;RAD50;STAG2;AKAP9;TERF2IP;NCAPD2;ATM;CEP63;ANAPC2
Reactome_2016	DNA Double-Strand Break Repair Homo sapiens R-HSA-5693532	0.03560027721716766	2.644045389445852	MDC1;RMI2;MAPK8;RAD50;HERC2;RIF1;EXO1;RMI1;UBC;MRE11A;ATM;TP53BP1
Reactome_2016	MAPK targets/ Nuclear events mediated by MAP kinases Homo sapiens R-HSA-450282	0.037844126520624244	5.324813631522896	MAPK9;MAPK8;CREB1;RPS6KA2;ELK1
Reactome_2016	Programmed Cell Death Homo sapiens R-HSA-5357801	0.03782888591355491	2.5020208630047347	DSP;DCC;SATB1;PRKCD;CFLAR;PTK2;MAPK8;UBC;NMT1;CTNNB1;PSMF1;FADD;TLR4
Reactome_2016	SUMOylation of DNA damage response and repair proteins Homo sapiens R-HSA-3108214	0.039531265316808985	3.407880724174654	MDC1;NUP205;HERC2;STAG2;NUP188;NUP210;SUMO3;TPR
Reactome_2016	Phase 0 - rapid depolarisation Homo sapiens R-HSA-5576892	0.03916574828027623	4.356665698518733	SCN10A;CACNA2D1;CACNA1S;SCN5A;CACNA2D4;SCN1A
Reactome_2016	HDR through Homologous Recombination (HR) or Single Strand Annealing (SSA) Homo sapiens R-HSA-5693567	0.044227364573302064	2.85257873117298	MDC1;RMI2;RAD50;HERC2;EXO1;RMI1;UBC;MRE11A;ATM;TP53BP1
Reactome_2016	Cell-Cell communication Homo sapiens R-HSA-1500931	0.04453355809447004	2.682730531912299	MAPK8;CDH2;DCC;CDH10;CASK;FLNA;CTNNB1;ITGA6;PTK2;CDH18;ARHGEF6
Reactome_2016	EPH-Ephrin signaling Homo sapiens R-HSA-2682334	0.04663727955064595	3.0267361694972252	EPHB6;EPHA5;EPHA6;EPHA8;LIMK1;KALRN;EPHA3;PTK2;EPHA2
Reactome_2016	IRAK2 mediated activation of TAK1 complex upon TLR7/8 or 9 stimulation Homo sapiens R-HSA-975163	0.04899737945770926	9.584664536741213	UBC;TAB3;MAP3K7
Reactome_2016	IRAK2 mediated activation of TAK1 complex Homo sapiens R-HSA-937042	0.048497406197936715	9.584664536741213	UBC;TAB3;MAP3K7
Reactome_2016	Netrin mediated repulsion signals Homo sapiens R-HSA-418886	0.04800753340805857	9.584664536741213	DCC;UNC5D;PTK2
WikiPathways_2019_Human	Focal Adhesion WP306	6.310344326646058e-8	4.356665698518733	BLK;TNXB;FLT1;ITGB5;LAMA2;TXK;LAMC1;ELK1;ARHGAP35;MAPK9;MAPK8;RELN;TNN;FLNA;TNR;ITGB8;ITGA4;CAV2;HGF;FN1;VEGFD;PTK2;MYL5;COL5A2;CTNNB1;ITGA6;ITGA9
WikiPathways_2019_Human	Arrhythmogenic Right Ventricular Cardiomyopathy WP2118	1.4268213881739964e-5	6.044383041188153	DSP;TCF7L1;ITGB5;ITGA4;LAMA2;CACNA2D1;CACNA2D4;CDH2;ITGB8;CTNNB1;ITGA6;DMD;CACNA1S;ITGA9
WikiPathways_2019_Human	Pathways Affected in Adenoid Cystic Carcinoma WP3651	1.1067876588628874e-4	5.8982550995330545	MAGI1;SETD2;NCOR1;NOTCH1;SRCAP;KMT2C;MGA;ATRX;JMJD1C;ATM;ARID1A;BCORL1
WikiPathways_2019_Human	VEGFA-VEGFR2 Signaling Pathway WP3888	6.45804466872555e-4	2.9782855905128067	RAB4A;TNXB;FLT1;ITGB5;HDAC1;PRKCD;LIMK1;PTPRJ;ELK1;HDAC9;PTK2;ACACA;DLL4;MAPK9;MAPK8;CREB1;PTPRZ1;TXNIP;ELOA;CTNNB1;FADD;ARF6
WikiPathways_2019_Human	Focal Adhesion-PI3K-Akt-mTOR-signaling pathway WP3932	0.0010514781924029532	2.636046352239058	PHLPP1;TNXB;FLT1;ITGB5;LAMA2;COL11A1;LAMC1;ACACA;PIK3CG;RELN;TNN;TNR;ITGB8;ITGA4;HGF;FN1;VEGFD;PTK2;COL3A1;CREB1;DDIT4;COL5A2;ITGA6;EPHA2;ITGA9
WikiPathways_2019_Human	Integrated Breast Cancer Pathway WP1984	0.0016899925060667625	3.385311977656941	UBE2F;GADD45A;HDAC1;DCAKD;MYCBP2;AHR;RASGRP3;DHTKD1;AR;RAD50;CREB1;TPR;NF1;CTNNB1;ATM;FADD
WikiPathways_2019_Human	miRNA targets in ECM and membrane receptors WP2911	0.0030086195930491477	8.713331397037466	COL3A1;TNXB;ITGB5;COL5A2;FN1;LAMC1
WikiPathways_2019_Human	Neural Crest Differentiation WP2064	0.004411146298310358	3.795906747224243	DLL4;TCF7L1;NOTCH1;CDH2;HDAC1;ID1;CTNNB1;HOXA1;MITF;BMP7;DLL1;HDAC9
WikiPathways_2019_Human	PI3K-Akt Signaling Pathway WP4172	0.0039569518065491055	2.3491824844953957	PHLPP1;TNXB;FLT1;ITGB5;LAMA2;LAMC1;PIK3CG;RELN;TNN;TNR;ITGB8;NTRK2;ITGA4;HGF;FN1;VEGFD;PTK2;CREB1;DDIT4;PKN2;COL6A6;ITGA6;TLR4;EPHA2;ITGA9
WikiPathways_2019_Human	Hippo-Merlin Signaling Dysregulation WP4541	0.00469964261176037	3.461128860489883	NTRK2;FLT1;ITGB5;ITGA4;PTK2;CDH2;CDH10;ITGB8;CTNNB1;ITGA6;CDH18;EPHA2;ITGA9
WikiPathways_2019_Human	Breast cancer pathway WP4262	0.004369233687428376	3.111904070370524	JAG2;TCF7L1;NOTCH1;GADD45A;DLL1;LRP6;DLL4;SFRP4;RAD50;FRAT2;WNT11;HEY1;CTNNB1;ATM;WNT2
WikiPathways_2019_Human	Epithelial to mesenchymal transition in colorectal cancer WP4239	0.0057340595752639915	3.0140454518054134	JAG2;DSP;NOTCH1;FN1;WNT9A;DLL1;LRP6;FOXQ1;DLL4;MAPK8;WNT11;CDH2;ID1;CTNNB1;WNT2
WikiPathways_2019_Human	Corticotropin-releasing hormone signaling pathway WP2355	0.005592619041663485	3.7788999965646366	NCOA2;MAPK9;MAPK8;CREB1;PRKCD;CTNNB1;ELK1;TLR4;ACACA;CACNA1H;PTK2
WikiPathways_2019_Human	ATM Signaling Pathway WP2516	0.00727864365348095	5.591054313099041	MDC1;MAPK9;RAD50;CREB1;GADD45A;ATM;TP53BP1
WikiPathways_2019_Human	B Cell Receptor Signaling Pathway WP23	0.007066624600717094	3.6230690688712492	BLK;MAPK9;MAPK8;PTPRC;CREB1;PRKCD;BTK;ELK1;MAP3K7;PIK3CG;RASGRP3
WikiPathways_2019_Human	Hereditary leiomyomatosis and renal cell carcinoma pathway WP4206	0.009147511171380737	7.987220447284344	EGLN1;PDHA2;KEAP1;ACACA;NFE2L2
WikiPathways_2019_Human	ATM Signaling Network in Development and Disease  WP3878	0.012745335297473785	4.969826056088037	MDC1;RAD50;RIF1;CDK5;ATM;TP53BP1;CEP63
WikiPathways_2019_Human	Endoderm Differentiation WP2853	0.012976876304241922	2.945641583395645	TCF7L1;NOTCH1;SFMBT1;LAMC1;BMP7;ACACA;DDAH1;TRIM5;SP4;UBR5;CTNNB1;HOXA1;BCORL1
WikiPathways_2019_Human	Notch Signaling Pathway WP61	0.01493122617267281	4.1900172838212955	DLL4;JAG2;ADAM17;NCOR1;NOTCH1;HEY1;HDAC1;DLL1
WikiPathways_2019_Human	LncRNA involvement in canonical Wnt signaling and colorectal cancer WP4258	0.016882328132911285	3.3988172116103597	SFRP4;TCF7L1;FRAT2;SFRP2;WNT11;HNRNPU;CTNNB1;MAP3K7;WNT2;LRP6
WikiPathways_2019_Human	Wnt Signaling in Kidney Disease WP4150	0.018041893097250166	5.324813631522896	MAPK9;MAPK8;WNT11;CTNNB1;WNT2;LRP6
WikiPathways_2019_Human	Wnt Signaling WP428	0.020799946954180887	3.0559799972218364	SFRP4;MAPK9;MAPK8;TCF7L1;FRAT2;SFRP2;WNT11;CTNNB1;MAP3K7;WNT2;LRP6
WikiPathways_2019_Human	Phytochemical activity on NRF2 transcriptional activation WP3	0.020217223779891637	8.519701810436635	MAPK8;MAF;KEAP1;NFE2L2
WikiPathways_2019_Human	Phosphodiesterases in neuronal function WP4222	0.024718519571649014	4.2196636325275785	GRIN2A;CREB1;PDE6G;PDE3A;ADCY2;PDE6A;ADCY5
WikiPathways_2019_Human	Canonical  and Non-canonical Notch signaling WP3845	0.02543642762845454	5.916459590580995	DLL4;JAG2;NOTCH1;HEY1;DLL1
WikiPathways_2019_Human	DNA IR-Double Strand Breaks (DSBs) and cellular response via ATM WP3959	0.0284662961355479	4.066221318617484	MDC1;RAD50;RIF1;CDK5;EXO1;ATM;TP53BP1
WikiPathways_2019_Human	Amplification and Expansion of Oncogenic Pathways as Metastatic Traits WP3678	0.028570083481814865	7.517383950385265	TCF7L1;NOTCH1;WNT2;PIK3CG
WikiPathways_2019_Human	NOTCH1 regulation of human endothelial cell calcification WP3413	0.027549723357464334	7.517383950385265	JAG2;DLL4;NOTCH1;DLL1
WikiPathways_2019_Human	Primary Focal Segmental Glomerulosclerosis FSGS WP2572	0.029455870641942095	3.5498757543485975	NOTCH1;CDH2;FAT1;CTNNB1;UTRN;TLR4;PTK2;LRP6
WikiPathways_2019_Human	Splicing factor NOVA regulated synaptic proteins WP4148	0.029025709701595202	4.564125969876768	MAPK9;CDH2;EPB41L1;CAV2;CASK;TERF2IP
WikiPathways_2019_Human	TNF related weak inducer of apoptosis (TWEAK) Signaling Pathway WP2036	0.028089396485414714	4.564125969876768	MAPK9;MAPK8;HDAC1;CTNNB1;FADD;MAP3K7
WikiPathways_2019_Human	Mesodermal Commitment Pathway WP2857	0.03387640654458795	2.6080719827867247	SETD2;TCF7L1;MEIS1;KLF5;DDAH1;TRIM5;UBR5;BCORL1;BMP7;DLL1;ACACA;NFE2L2
WikiPathways_2019_Human	Prolactin Signaling Pathway WP2037	0.03657860444422948	3.3630401883302503	SOCS2;MAPK9;MAPK8;RPS6KA2;FLNA;ELK1;PIK3CG;PTK2
WikiPathways_2019_Human	Adipogenesis WP236	0.03615717106809716	2.7033669206193167	SFRP4;NCOA2;CREB1;NCOR1;KLF5;GADD45A;NRIP1;NDN;CTNNB1;AHR;RETN
WikiPathways_2019_Human	Notch Signaling WP268	0.03569345465677417	4.259850905218317	DLL4;JAG2;ADAM17;NOTCH1;HDAC1;DLL1
WikiPathways_2019_Human	Alpha 6 Beta 4 signaling pathway WP244	0.04450377389789825	4.840739665020815	LAMA2;PRKCD;ITGA6;LAMC1;PTK2
WikiPathways_2019_Human	DNA IR-damage and cellular response via ATR WP4016	0.04499589339441152	3.194888178913738	FANCI;MDC1;RAD50;HERC2;EXO1;RMI1;ATM;TP53BP1
WikiPathways_2019_Human	Pathways Regulating Hippo Signaling WP4540	0.044837447832521915	2.9340809806350654	NTRK2;TCF7L1;FLT1;CDH2;CDH10;PRKCD;CTNNB1;CDH18;EPHA2
WikiPathways_2019_Human	Rett syndrome causing genes WP4312	0.044599890357637714	3.993610223642172	GRIN2A;NCOR1;TAF1B;ACTL6B;HDAC1;SCN1A
